"phrog_20388 ## MG711461_p31"	"contig_3 37934_41989"	53	0.296	2.114E-09	9	120	527	1128	1211	1351
"phrog_2995 ## MG721208_p172"	"contig_3 6334_5720"	403	0.937	3.793E-131	0	203	204	0	203	204
"phrog_11793 ## KU886222_p244"	"contig_3 80155_80667"	48	0.464	1.423E-10	3	55	65	113	165	170
"phrog_4855 ## JX080302_p207"	"contig_3 112226_112735"	389	1.00	4.443E-127	0	168	169	0	168	169
"phrog_4855 ## JX080302_p207"	"contig_3 13336_12533"	32	0.450	9.454E-04	10	44	169	43	77	267
"phrog_32622 ## NC_025426_p30"	"contig_3 71152_72219"	178	1.00	8.048E-56	0	68	69	286	354	355
"phrog_3200 ## KJ206562_p55"	"contig_3 2011_2"	1441	1.00	0.000E+00	0	669	682	0	669	670
"phrog_16819 ## NC_019487_p145"	"contig_3 31387_32007"	56	0.301	3.050E-11	91	207	243	67	173	206
"phrog_31291 ## p47239 VI_12342"	"contig_3 30509_31387"	36	0.744	9.724E-07	20	41	49	63	84	292
"phrog_21388 ## KX532239_p86"	"contig_3 68622_70541"	246	0.807	8.919E-78	0	146	147	0	146	639
"phrog_1017 ## p137170 VI_02792"	"contig_2 1056_568"	180	0.570	7.884E-54	4	161	203	0	161	162
"phrog_4340 ## AY954969_p124"	"contig_3 111625_111846"	184	1.00	6.243E-58	0	72	73	0	72	73
"phrog_31057 ## p314288 VI_04739"	"contig_2 12310_12008"	44	0.387	5.491E-07	136	196	307	4	64	100
"phrog_100 ## NC_031107_p32"	"contig_3 67208_68245"	151	0.296	3.711E-41	38	374	406	0	320	345
"phrog_1215 ## NC_024787_p72"	"contig_3 16561_16352"	96	0.652	5.152E-27	3	74	78	0	68	69
"phrog_1098 ## NC_009904_p44"	"contig_3 64081_65694"	478	0.499	8.730E-151	17	510	542	6	521	537
"phrog_3169 ## NC_012530_p68"	"contig_3 2011_2"	55	0.315	3.646E-10	307	405	498	533	638	670
"phrog_2773 ## KP881332_p67"	"contig_3 68245_68622"	132	0.791	1.827E-39	0	77	88	38	117	125
"phrog_279 ## p47709 VI_05997"	"contig_3 33106_34869"	252	0.330	1.863E-74	0	365	473	0	479	587
"phrog_883 ## KY554770_p110"	"contig_3 73688_74080"	108	0.484	2.197E-30	0	117	123	3	120	130
"phrog_985 ## NC_022918_p104"	"contig_3 34942_35370"	260	0.875	5.942E-83	0	141	142	0	141	142
"phrog_37649 ## NC_029075_p20"	"contig_3 34942_35370"	168	0.851	1.417E-43	1664	1757	1827	48	141	142
"phrog_3847 ## AY954969_p123"	"contig_3 111231_111623"	293	1.00	1.381E-94	0	129	130	0	129	130
"phrog_12 ## p213127 VI_06558"	"contig_3 24046_25737"	151	0.276	5.053E-41	31	372	434	93	473	563
"phrog_5835 ## NC_009904_p97"	"contig_3 104808_105068"	75	0.784	5.676E-19	19	60	117	0	44	86
"phrog_1011 ## MF288921_p99"	"contig_3 48048_48839"	274	0.583	2.293E-85	0	241	264	0	239	263
"phrog_1015 ## NC_024213_p98"	"contig_3 42068_44494"	722	0.568	7.870E-232	2	567	725	0	662	808
"phrog_2896 ## NC_019511_p175"	"contig_3 7620_6979"	313	0.727	6.751E-100	0	211	212	2	211	213
"phrog_246 ## p216000 VI_03943"	"contig_2 2171_1464"	100	0.346	1.089E-25	0	127	266	0	173	235
"phrog_2754 ## KY581279_p98"	"contig_3 36397_36708"	220	1.00	6.472E-70	0	102	103	0	102	103
"phrog_35 ## p323300 VI_10199"	"contig_3 7840_7610"	32	0.455	7.800E-05	21	55	75	25	59	76
"phrog_7304 ## p280120 VI_00582"	"contig_3 42068_44494"	34	0.759	1.529E-04	115	134	146	401	420	808
"phrog_9570 ## p62835 VI_04343"	"contig_3 37934_41989"	55	0.287	5.724E-10	431	553	677	1118	1240	1351
"phrog_962 ## p185654 VI_04542"	"contig_3 13839_13336"	175	0.701	1.371E-53	0	115	136	11	133	167
"phrog_12876 ## NC_027374_p36"	"contig_3 18749_20566"	563	0.982	1.076E-185	0	260	262	121	391	605
"phrog_77 ## p104273 VI_00628"	"contig_3 68622_70541"	143	0.206	4.607E-37	2	632	704	0	541	639
"phrog_22344 ## NC_031034_p72"	"contig_3 18749_20566"	33	0.539	3.509E-05	2	30	71	63	89	605
"phrog_7909 ## KY554777_p129"	"contig_3 76223_77272"	46	0.399	2.230E-09	2	63	92	254	314	349
"phrog_16262 ## MH028956_p198"	"contig_3 118877_119068"	135	1.00	4.310E-39	96	155	156	2	61	63
"phrog_9530 ## KY554768_p124"	"contig_3 76223_77272"	63	0.379	3.764E-15	7	100	108	16	109	349
"phrog_1492 ## NC_030939_p67"	"contig_3 82414_83121"	67	0.330	5.909E-15	7	128	216	0	100	235
"phrog_1492 ## NC_030939_p67"	"contig_3 12373_11873"	57	0.391	8.179E-12	47	127	216	27	104	166
"phrog_1492 ## NC_030939_p67"	"contig_3 119873_119385"	43	0.230	4.617E-07	7	145	216	5	124	162
"phrog_14619 ## KP881332_p57"	"contig_3 62321_64069"	324	1.00	5.622E-105	0	150	151	0	150	582
"phrog_38778 ## KP881332_p10"	"contig_3 18749_20566"	111	0.832	1.053E-32	1	52	57	70	132	605
"phrog_32465 ## NC_015937_p73"	"contig_3 25964_26704"	35	0.235	4.466E-04	66	172	544	20	114	246
"phrog_5770 ## KY779849_p31"	"APTC-SA-4 2669_2262"	312	1.00	3.527E-101	0	135	136	0	134	135
"phrog_9590 ## p372129 VI_06757"	"APTC-SA-4 2669_2262"	135	0.639	6.260E-39	15	119	165	31	134	135
"phrog_25000 ## NC_028982_p98"	"contig_3 37342_37878"	33	0.663	5.333E-04	135	157	230	9	31	178
"phrog_4988 ## MG763894_p98"	"contig_3 36840_37298"	123	0.509	2.669E-32	35	158	371	23	149	152
"phrog_4988 ## MG763894_p98"	"contig_3 37342_37878"	76	0.436	6.120E-17	175	266	371	7	100	178
"phrog_3522 ## NC_005880_p8"	"contig_3 116799_117146"	289	1.00	1.556E-93	0	114	115	0	114	115
"phrog_30939 ## NC_031280_p82"	"contig_3 74095_76209"	39	0.153	7.351E-05	473	780	968	150	514	704
"phrog_4650 ## JX080304_p196"	"contig_3 106642_107322"	481	1.00	1.118E-157	1	225	226	1	225	226
"phrog_10285 ## p32374 VI_00731"	"contig_3 83355_84215"	36	0.229	1.478E-04	79	194	359	8	113	286
"phrog_358 ## p52191 VI_08944"	"contig_3 54861_58319"	359	0.360	2.172E-108	1	581	654	6	609	1152
"phrog_20161 ## NC_025417_p201"	"contig_3 106642_107322"	216	0.974	3.017E-68	0	103	104	122	225	226
"phrog_3752 ## NC_005880_p179"	"contig_3 103033_103383"	294	1.00	3.693E-95	0	115	116	0	115	116
"phrog_4526 ## JX080303_p80"	"contig_3 17544_17278"	178	0.949	2.088E-55	0	87	88	0	87	88
"phrog_3619 ## KP687431_p178"	"APTC-SA-4 3776_3291"	323	0.950	1.709E-104	0	160	161	0	160	161
"phrog_7555 ## NC_025416_p82"	"contig_3 23369_23653"	142	1.00	1.328E-43	0	61	62	32	93	94
"phrog_16547 ## KY514263_p244"	"contig_3 109418_110887"	240	0.470	3.020E-73	0	277	278	0	272	489
"phrog_24366 ## NC_027335_p19"	"contig_3 97571_98014"	66	0.447	2.193E-13	679	756	758	56	134	147
"phrog_8577 ## AY657002_p54"	"contig_3 13336_12533"	50	0.325	2.972E-09	27	116	260	49	140	267
"phrog_3697 ## MG721208_p195"	"contig_2 6254_6015"	193	1.00	8.030E-61	0	78	79	0	78	79
"phrog_19279 ## p181002 VI_00569"	"contig_3 45395_47941"	59	0.462	3.391E-11	471	537	794	646	703	848
"phrog_38155 ## MH078572_p98"	"contig_3 98797_99195"	79	0.529	1.233E-20	14	89	101	49	124	132
"phrog_2721 ## JX080303_p156"	"contig_3 90602_91357"	479	0.910	1.284E-156	0	250	251	0	250	251
"phrog_3804 ## MH107769_p183"	"contig_3 102365_102643"	211	1.00	5.400E-67	0	91	92	0	91	92
"phrog_1069 ## MH107769_p149"	"contig_3 84543_85025"	230	0.709	3.628E-72	0	159	160	0	159	160
"phrog_3686 ## KJ206562_p35"	"contig_2 4914_4696"	179	1.00	3.627E-56	0	71	72	0	71	72
"phrog_2765 ## KT070867_p233"	"contig_3 5668_4928"	40	0.233	1.072E-05	227	344	405	59	184	246
"phrog_120 ## p345492 VI_12445"	"contig_3 49363_50067"	42	0.336	1.729E-07	7	77	118	121	191	234
"phrog_6754 ## MF398190_p176"	"contig_3 99589_99753"	134	1.00	6.812E-41	0	53	54	0	53	54
"phrog_2701 ## NC_014661_p3"	"contig_3 35467_35607"	70	0.797	1.012E-18	0	35	41	0	40	46
"phrog_670 ## NC_021860_p21"	"contig_3 11602_10973"	68	0.408	4.145E-15	87	165	261	3	94	209
"phrog_670 ## NC_021860_p21"	"contig_3 13336_12533"	35	0.322	1.591E-04	8	68	261	203	265	267
"phrog_152 ## p296456 VI_05035"	"contig_2 8732_8568"	67	0.627	1.595E-17	0	50	51	0	51	54
"phrog_20114 ## p154144 VI_01718"	"contig_2 2171_1464"	36	0.425	3.015E-06	12	53	66	0	42	235
"phrog_7545 ## NC_021471_p19"	"contig_3 119873_119385"	61	0.470	3.388E-13	80	147	207	41	104	162
"phrog_1321 ## NC_018860_p10"	"contig_3 18049_18327"	145	0.760	1.073E-43	0	90	96	0	91	92
"phrog_4826 ## JF713456_p8"	"contig_3 18049_18327"	91	0.758	3.704E-23	82	138	199	35	91	92
"phrog_1099 ## MH078572_p111"	"contig_3 116549_116788"	101	0.647	6.695E-29	6	79	80	0	76	79
"phrog_1099 ## MH078572_p111"	"contig_3 116214_116471"	101	0.655	6.695E-29	6	76	80	0	75	85
"phrog_1099 ## MH078572_p111"	"contig_3 108187_108495"	78	0.532	6.562E-21	0	74	80	20	92	102
"phrog_8238 ## NC_019511_p182"	"contig_2 2171_1464"	45	0.362	8.816E-07	169	236	760	2	70	235
"phrog_5502 ## NC_031037_p116"	"contig_3 51149_54208"	152	0.483	8.994E-39	2	167	1585	3	170	1019
"phrog_12324 ## NC_025419_p225"	"contig_3 119873_119385"	38	0.726	2.297E-05	24	47	269	76	99	162
"phrog_9471 ## NC_024360_p115"	"contig_3 32864_33079"	75	0.695	2.634E-19	51	102	106	15	66	71
"phrog_12872 ## NC_025452_p74"	"contig_3 109418_110887"	55	0.333	4.213E-12	0	96	110	391	483	489
"phrog_16821 ## KR908644_p72"	"contig_3 118518_118802"	116	0.963	1.621E-34	0	55	56	38	93	94
"phrog_3377 ## NC_027355_p168"	"contig_3 9694_9059"	123	0.660	3.464E-34	4	95	204	75	164	211
"phrog_3164 ## MH107769_p11"	"contig_3 118518_118802"	227	1.00	2.773E-72	0	93	95	0	93	94
"phrog_715 ## MG655269_p104"	"contig_2 12310_12008"	105	0.346	6.264E-28	3	185	215	0	98	100
"phrog_5340 ## KP687431_p25"	"contig_3 18749_20566"	149	1.00	7.109E-46	0	64	65	0	64	605
"phrog_3837 ## MH107769_p238"	"contig_3 120269_120400"	110	1.00	6.960E-33	0	42	43	0	42	43
"phrog_28554 ## MH078572_p161"	"contig_2 12310_12008"	68	0.387	2.658E-15	134	232	236	0	96	100
"phrog_28554 ## MH078572_p161"	"contig_2 6645_6256"	59	0.332	4.670E-12	19	121	236	16	120	129
"phrog_2861 ## NC_025426_p166"	"contig_2 11465_11139"	134	0.890	1.622E-40	0	70	71	37	107	108
"phrog_29683 ## NC_023688_p64"	"contig_2 6254_6015"	30	0.385	9.115E-04	59	90	91	22	61	79
"phrog_1004 ## NC_019487_p144"	"contig_3 30509_31387"	352	0.768	6.182E-113	0	223	238	25	247	292
"phrog_2835 ## NC_015279_p205"	"contig_3 30509_31387"	171	0.583	1.855E-49	139	286	287	20	169	292
"phrog_236 ## p56785 VI_01098"	"contig_2 11874_11458"	32	0.317	1.208E-04	9	61	87	68	125	138
"phrog_26623 ## MG252693_p51"	"contig_2 11874_11458"	39	0.366	2.475E-06	7	64	137	68	124	138
"phrog_1909 ## NC_028778_p121"	"contig_2 9855_9010"	285	0.542	5.472E-89	0	268	275	2	277	281
"phrog_297 ## p26528 VI_00260"	"contig_3 13839_13336"	70	0.462	6.206E-18	1	79	84	13	92	167
"phrog_3157 ## EU418428_p169"	"contig_3 99342_99584"	166	0.971	1.858E-51	0	79	80	0	79	80
"phrog_1070 ## DQ004855_p48"	"contig_3 70541_71137"	161	0.455	2.126E-47	0	189	196	0	192	198
"phrog_2797 ## NC_020877_p61"	"contig_3 77290_77619"	195	0.853	6.912E-61	0	107	108	0	108	109
"phrog_1104 ## NC_021781_p184"	"contig_3 97048_97506"	175	0.577	6.077E-53	0	154	155	1	149	152
"phrog_1047 ## KP881332_p40"	"contig_3 37934_41989"	957	0.528	3.204E-308	0	907	995	2	967	1351
"phrog_1240 ## NC_027355_p165"	"contig_3 88833_89465"	166	0.566	5.224E-50	0	150	158	2	131	210
"phrog_28566 ## KX532239_p192"	"contig_3 2011_2"	325	0.525	1.106E-101	3	330	343	343	669	670
"phrog_22657 ## NC_031911_p44"	"contig_3 71152_72219"	36	0.458	8.337E-04	255	293	1185	236	270	355
"phrog_975 ## NC_020871_p93"	"contig_3 49363_50067"	336	0.716	1.683E-107	1	232	236	0	231	234
"phrog_14158 ## EU418428_p23"	"APTC-SA-4 3100_2669"	135	1.00	3.076E-41	0	54	57	87	141	143
"phrog_19 ## p414569 VI_10123"	"contig_3 65687_67129"	158	0.272	4.702E-43	5	399	441	0	405	480
"phrog_3093 ## NC_023582_p63"	"contig_3 4859_4635"	94	0.631	1.953E-26	0	73	86	0	73	74
"phrog_7862 ## JX080301_p192"	"contig_3 113823_113924"	78	1.00	5.981E-22	0	32	33	0	32	33
"phrog_3395 ## NC_024383_p83"	"contig_3 17805_18071"	139	0.761	5.450E-41	40	127	128	0	85	88
"phrog_25616 ## NC_030933_p170"	"contig_3 6775_6350"	113	0.764	3.351E-33	0	70	72	0	70	141
"phrog_35836 ## KU886273_p5"	"contig_3 8872_8180"	40	0.375	5.668E-07	50	106	116	163	220	230
"phrog_6086 ## MF189173_p84"	"contig_3 82414_83121"	34	0.671	1.219E-04	70	92	134	4	26	235
"phrog_8205 ## p126560 VI_04685"	"APTC-SA-4 3100_2669"	33	0.710	3.919E-04	35	54	169	34	54	143
"phrog_987 ## p92466 VI_00133"	"contig_3 14109_13924"	83	0.660	1.016E-22	0	49	66	0	60	61
"phrog_1160 ## p105495 VI_00644"	"contig_3 51149_54208"	51	0.239	8.615E-10	14	163	209	19	175	1019
"phrog_4584 ## KY779849_p202"	"contig_3 105524_105787"	144	1.00	4.527E-44	0	63	72	17	80	87
"phrog_772 ## NC_022090_p13"	"contig_3 29587_30495"	407	0.794	1.322E-131	0	248	249	0	248	302
"phrog_9773 ## p43176 VI_02599"	"contig_3 29587_30495"	41	0.610	2.410E-06	240	271	272	128	159	302
"phrog_5958 ## NC_022920_p162"	"contig_3 99740_99919"	138	1.00	8.260E-40	130	184	185	4	58	59
"phrog_5958 ## NC_022920_p162"	"contig_3 99589_99753"	130	1.00	4.418E-37	0	53	185	0	53	54
"phrog_8949 ## KP881332_p42"	"contig_3 37934_41989"	477	0.809	1.811E-155	0	273	274	1065	1350	1351
"phrog_8949 ## KP881332_p42"	"contig_3 8872_8180"	34	0.638	3.035E-04	85	109	274	166	190	230
"phrog_22 ## KX925554_p168"	"contig_3 77603_77923"	40	0.276	2.853E-07	12	100	104	9	102	106
"phrog_1696 ## MF678790_p61"	"contig_3 90015_90242"	90	0.625	4.717E-25	0	67	73	0	70	75
"phrog_1696 ## MF678790_p61"	"contig_3 89479_90000"	70	0.567	2.709E-18	3	62	73	5	66	173
"phrog_1696 ## MF678790_p61"	"contig_2 3158_2841"	42	0.363	2.459E-08	2	61	73	2	65	105
"phrog_4637 ## AP018375_p196"	"contig_3 112737_113066"	165	0.861	8.686E-51	0	90	92	18	108	109
"phrog_170 ## KT995480_p45"	"contig_3 5668_4928"	145	0.429	3.028E-41	6	190	239	33	220	246
"phrog_3310 ## NC_007021_p174"	"contig_3 8872_8180"	360	0.792	5.439E-116	0	220	222	0	218	230
"phrog_3310 ## NC_007021_p174"	"contig_2 6917_6744"	40	0.441	5.026E-06	28	73	222	3	48	57
"phrog_3504 ## MG721208_p193"	"contig_2 6917_6744"	144	1.00	2.894E-44	0	56	57	0	56	57
"phrog_3504 ## MG721208_p193"	"contig_3 8872_8180"	40	0.448	4.236E-08	8	53	57	34	79	230
"phrog_10059 ## p98511 VI_01213"	"contig_3 89479_90000"	54	0.354	4.217E-10	178	264	339	69	152	173
"phrog_32014 ## KJ206562_p189"	"contig_3 105524_105787"	213	1.00	6.991E-66	86	172	173	0	86	87
"phrog_32014 ## KJ206562_p189"	"contig_3 104808_105068"	123	1.00	7.904E-35	0	44	173	0	44	86
"phrog_37627 ## KX237516_p13"	"contig_3 36840_37298"	29	0.580	2.368E-04	18	39	43	34	56	152
"phrog_12287 ## MG721208_p14"	"contig_3 114733_115032"	34	0.405	5.208E-05	0	41	100	0	42	99
"phrog_4081 ## NC_025417_p199"	"contig_3 106324_106641"	244	1.00	3.032E-78	0	104	105	0	104	105
"phrog_4578 ## p180900 VI_03586"	"contig_3 9694_9059"	30	0.253	9.150E-04	9	86	102	128	197	211
"phrog_9186 ## NC_024787_p1"	"contig_3 97571_98014"	76	0.369	4.144E-17	226	344	360	13	130	147
"phrog_24108 ## AP018399_p517"	"contig_3 35650_36108"	34	0.646	1.244E-04	105	128	135	121	144	152
"phrog_2884 ## KY779849_p29"	"APTC-SA-4 1762_1526"	180	1.00	2.322E-56	0	77	82	0	77	78
"phrog_1080 ## NC_024360_p172"	"contig_3 93344_93880"	213	0.630	1.368E-65	8	172	181	0	169	178
"phrog_3621 ## NC_019726_p198"	"contig_3 84284_84526"	195	1.00	1.737E-61	1	79	80	1	79	80
"phrog_29734 ## MH028956_p184"	"contig_3 105524_105787"	41	0.344	4.370E-07	0	66	129	0	66	87
"phrog_675 ## MF288921_p63"	"contig_3 18749_20566"	886	0.736	6.660E-291	3	588	598	0	594	605
"phrog_4208 ## NC_005880_p180"	"contig_3 103383_103985"	513	1.00	1.874E-169	0	199	200	0	199	200
"phrog_1992 ## p247154 VI_04561"	"contig_2 12310_12008"	111	0.373	1.469E-30	6	179	184	3	98	100
"phrog_959 ## NC_019516_p145"	"contig_3 82414_83121"	94	0.499	8.922E-26	13	111	120	0	95	235
"phrog_959 ## NC_019516_p145"	"contig_3 12373_11873"	79	0.422	2.727E-20	13	112	120	0	101	166
"phrog_959 ## NC_019516_p145"	"contig_3 119873_119385"	71	0.403	1.498E-17	15	110	120	7	103	162
"phrog_3857 ## KJ206562_p30"	"contig_2 1467_1069"	317	1.00	6.561E-103	0	131	132	0	131	132
"phrog_5230 ## MG721208_p196"	"contig_2 6003_5899"	84	1.00	7.385E-24	0	33	34	0	33	34
"phrog_1063 ## KY549443_p103"	"contig_3 18408_18734"	139	0.613	7.379E-41	28	141	142	0	107	108
"phrog_5729 ## JX080302_p211"	"contig_3 113619_113786"	141	1.00	2.503E-43	7	61	62	0	54	55
"phrog_37836 ## p342761 VI_00934"	"contig_3 89479_90000"	38	0.352	2.940E-05	7	58	312	9	68	173
"phrog_2665 ## NC_025426_p17"	"contig_3 58527_60449"	1274	0.947	0.000E+00	0	639	640	0	639	640
"phrog_2665 ## NC_025426_p17"	"contig_3 60853_62229"	44	0.281	1.236E-06	446	545	640	276	370	458
"phrog_7698 ## MG925345_p24"	"contig_3 11602_10973"	36	0.550	1.739E-04	126	151	331	23	53	209
"phrog_28838 ## p128103 VI_01290"	"contig_3 58527_60449"	39	0.240	3.461E-05	459	547	646	266	381	640
"phrog_261 ## KU686208_p77"	"contig_3 49363_50067"	35	0.432	5.428E-05	29	69	139	121	161	234
"phrog_16 ## NC_027402_p36"	"contig_3 62321_64069"	148	0.221	6.281E-39	6	493	568	3	561	582
"phrog_374 ## p216907 VI_00802"	"contig_3 9694_9059"	69	0.505	3.398E-16	7	74	165	0	69	211
"phrog_6867 ## KY779849_p184"	"contig_3 100121_100654"	35	1.00	8.292E-06	0	13	83	0	13	177
"phrog_8470 ## p14268 VI_01278"	"contig_3 2011_2"	57	0.545	1.590E-10	631	682	730	587	638	670
"phrog_16381 ## p45570 VI_05038"	"contig_3 58527_60449"	64	0.290	5.075E-12	2177	2319	2586	238	378	640
"phrog_16381 ## p45570 VI_05038"	"contig_3 51149_54208"	57	0.248	7.076E-10	1783	1947	2586	534	690	1019
"phrog_2981 ## KJ206562_p32"	"contig_2 2825_2271"	306	0.808	7.095E-98	0	182	183	1	183	184
"phrog_24249 ## NC_021788_p41"	"contig_3 37934_41989"	73	0.478	1.910E-15	16	95	739	1131	1209	1351
"phrog_2672 ## KP687431_p94"	"contig_3 85112_86383"	861	0.965	1.795E-285	0	422	423	0	422	423
"phrog_4418 ## NC_025417_p198"	"contig_3 106058_106321"	217	1.00	3.669E-69	0	86	87	0	86	87
"phrog_34949 ## p393090 VI_06745"	"contig_3 67208_68245"	36	0.386	7.284E-05	56	104	200	53	97	345
"phrog_2058 ## p31237 VI_02649"	"contig_3 84543_85025"	37	0.365	1.293E-05	70	124	143	88	142	160
"phrog_13015 ## NC_019448_p32"	"contig_2 3158_2841"	61	0.487	1.032E-11	4	67	616	4	67	105
"phrog_13015 ## NC_019448_p32"	"contig_3 89479_90000"	38	0.344	7.488E-05	3	64	616	5	64	173
"phrog_14932 ## KY065480_p36"	"contig_2 12310_12008"	41	0.924	7.002E-09	14	33	35	78	97	100
"phrog_1007 ## NC_011421_p2"	"contig_3 96299_97030"	282	0.679	8.209E-89	3	196	226	17	223	243
"phrog_7484 ## NC_004996_p23"	"contig_3 2011_2"	43	0.445	1.347E-06	364	412	452	587	636	670
"phrog_29134 ## NC_024355_p45"	"contig_2 3158_2841"	68	0.455	1.308E-15	1	77	191	1	79	105
"phrog_29134 ## NC_024355_p45"	"contig_3 89479_90000"	38	0.407	1.142E-05	18	64	191	16	64	173
"phrog_29134 ## NC_024355_p45"	"contig_3 90015_90242"	37	0.328	2.051E-05	0	64	191	0	63	75
"phrog_23130 ## NC_022761_p93"	"contig_3 51149_54208"	66	0.288	7.311E-14	23	171	362	29	175	1019
"phrog_752 ## p62610 VI_12390"	"contig_3 27795_29186"	548	0.595	3.336E-176	4	478	483	13	457	463
"phrog_752 ## p62610 VI_12390"	"contig_3 25964_26704"	37	0.457	9.586E-05	12	52	483	150	185	246
"phrog_3644 ## JX080301_p157"	"contig_3 92969_93280"	268	1.00	2.200E-86	0	102	103	0	102	103
"phrog_3048 ## KJ206562_p53"	"contig_2 12498_12310"	128	0.963	1.192E-38	0	61	62	0	61	62
"phrog_7887 ## KY303907_p62"	"contig_3 13336_12533"	69	0.301	1.968E-15	18	155	236	43	187	267
"phrog_36790 ## NC_015937_p70"	"contig_3 30509_31387"	40	0.408	4.927E-06	28	78	220	54	96	292
"phrog_1309 ## NC_009018_p56"	"contig_3 13336_12533"	44	0.297	2.200E-07	29	117	258	44	135	267
"phrog_4486 ## NC_028887_p60"	"contig_3 18749_20566"	37	0.623	1.042E-06	3	30	71	63	90	605
"phrog_25367 ## NC_011421_p193"	"contig_3 24046_25737"	32	0.795	1.984E-04	12	29	103	452	469	563
"phrog_7994 ## KJ591605_p117"	"contig_3 45395_47941"	203	0.368	1.677E-57	9	336	510	3	329	848
"phrog_3319 ## KY581279_p33"	"contig_2 7440_6958"	333	0.980	8.360E-108	0	159	160	0	159	160
"phrog_2338 ## MF001361_p94"	"contig_3 11602_10973"	41	0.295	6.199E-06	94	165	408	7	91	209
"phrog_548 ## NC_028887_p254"	"contig_3 4635_3739"	204	0.420	2.392E-60	6	279	310	0	270	298
"phrog_19864 ## NC_030933_p156"	"contig_2 3158_2841"	42	0.534	1.451E-05	28	65	1268	27	64	105
"phrog_35892 ## p192 VI_05807"	"contig_3 89479_90000"	44	0.415	2.571E-06	890	945	1181	84	139	173
"phrog_448 ## NC_031034_p67"	"contig_3 109418_110887"	684	0.714	8.442E-223	3	478	495	0	474	489
"phrog_12710 ## p176047 VI_00974"	"contig_3 109418_110887"	182	0.525	1.192E-48	703	883	884	92	273	489
"phrog_7733 ## KY581279_p10"	"APTC-SA-4 659_928"	101	1.00	9.231E-30	0	40	41	48	88	89
"phrog_3143 ## MH107769_p184"	"contig_3 102713_103018"	233	1.00	2.376E-74	0	100	101	0	100	101
"phrog_23760 ## NC_020081_p68"	"contig_3 97571_98014"	55	0.287	5.423E-11	10	132	222	10	130	147
"phrog_1905 ## MG708276_p44"	"contig_3 35650_36108"	170	0.595	1.876E-51	0	134	147	2	146	152
"phrog_3667 ## KR902361_p79"	"contig_3 10860_10552"	239	1.00	2.181E-76	0	101	102	0	101	102
"phrog_97 ## NC_023573_p129"	"contig_3 86443_87699"	427	0.563	2.510E-135	3	397	421	0	394	418
"phrog_10616 ## KY554768_p115"	"contig_3 74095_76209"	123	0.569	7.818E-36	0	109	111	612	702	704
"phrog_18092 ## KX879627_p165"	"contig_3 35467_35607"	31	0.660	6.487E-05	14	34	43	19	39	46
"phrog_30377 ## KX379668_p26"	"contig_3 12373_11873"	33	0.539	5.373E-05	27	55	82	74	99	166
"phrog_30377 ## KX379668_p26"	"contig_3 119873_119385"	30	0.467	6.801E-04	27	57	82	76	106	162
"phrog_1038 ## KY581279_p99"	"contig_3 36840_37298"	228	0.735	1.214E-71	0	151	152	0	151	152
"phrog_3077 ## NC_005880_p9"	"contig_3 117693_117355"	242	1.00	3.906E-77	0	111	112	0	111	112
"phrog_35564 ## MG765279_p60"	"contig_3 24046_25737"	33	0.785	6.490E-04	135	153	259	319	337	563
"phrog_21462 ## JX875065_p154"	"contig_3 94618_95064"	238	1.00	1.604E-75	0	94	130	0	94	148
"phrog_17976 ## MG765279_p153"	"contig_3 31387_32007"	60	0.292	1.160E-12	62	193	224	62	183	206
"phrog_4009 ## KY779849_p187"	"contig_3 100669_100917"	167	0.956	7.945E-52	0	81	82	0	81	82
"phrog_1394 ## p52190 VI_08944"	"contig_3 54319_54840"	174	0.553	1.039E-52	0	149	160	0	162	173
"phrog_3128 ## NC_020877_p88"	"contig_3 101098_101394"	181	0.947	1.629E-56	0	89	94	4	93	98
"phrog_2349 ## p37356 VI_05911"	"APTC-SA-4 4200_3769"	164	0.586	1.627E-49	0	129	148	0	142	143
"phrog_6095 ## NC_006940_p14"	"APTC-SA-4 4200_3769"	40	0.492	2.977E-06	143	178	179	15	54	143
"phrog_22619 ## FN436269_p20"	"contig_3 83355_84215"	36	0.390	5.004E-04	812	860	959	134	182	286
"phrog_1073 ## FR852584_p32"	"contig_3 48839_49363"	230	0.661	6.876E-72	0	173	174	0	173	174
"phrog_1303 ## NC_020873_p120"	"contig_3 97571_98014"	131	0.532	3.873E-37	9	136	198	16	138	147
"phrog_1000 ## NC_028982_p94"	"contig_3 32026_32862"	295	0.570	2.957E-92	5	265	283	0	267	278
"phrog_18802 ## KJ019050_p71"	"contig_3 32026_32862"	134	0.650	7.556E-33	3120	3219	3401	160	261	278
"phrog_33549 ## p133825 VI_05051"	"contig_3 13336_12533"	83	0.626	1.209E-21	0	63	121	200	264	267
"phrog_33549 ## p133825 VI_05051"	"contig_3 11602_10973"	57	0.738	1.298E-12	85	120	121	0	35	209
"phrog_3524 ## MF398190_p180"	"contig_3 100929_101105"	121	0.974	2.123E-36	0	57	58	0	57	58
"phrog_2706 ## JX080303_p65"	"contig_3 6956_6765"	130	0.960	3.530E-39	0	62	63	0	62	63
"phrog_7869 ## MF398190_p177"	"contig_3 99740_99919"	146	1.00	6.586E-45	0	58	59	0	58	59
"phrog_14652 ## NC_030933_p154"	"contig_2 12310_12008"	93	0.533	4.314E-23	170	258	261	9	97	100
"phrog_8337 ## NC_028762_p33"	"contig_3 86443_87699"	99	0.299	9.327E-25	12	216	307	21	234	418
"phrog_244 ## KY926791_p64"	"contig_3 73063_73671"	113	0.457	1.743E-31	1	127	153	0	132	202
"phrog_4045 ## KJ206562_p28"	"contig_2 556_14"	453	1.00	3.477E-149	0	179	180	0	179	180
"phrog_8290 ## MH028956_p153"	"contig_3 86443_87699"	141	0.942	8.228E-43	0	69	73	1	70	418
"phrog_37683 ## KY549443_p29"	"contig_3 12373_11873"	74	0.410	4.137E-17	94	193	254	15	108	166
"phrog_37683 ## KY549443_p29"	"contig_3 82414_83121"	46	0.313	5.039E-08	94	182	254	12	95	235
"phrog_28649 ## p125536 VI_05380"	"contig_3 42068_44494"	41	0.299	5.979E-06	301	373	398	697	779	808
"phrog_4028 ## AY954969_p122"	"contig_3 110966_111211"	196	1.00	7.071E-62	0	80	81	0	80	81
"phrog_13416 ## p235948 VI_02795"	"contig_3 110966_111211"	48	0.788	1.078E-08	192	219	220	0	27	81
"phrog_1113 ## KJ586795_p34"	"contig_3 95064_95927"	217	0.425	3.223E-65	3	290	294	8	284	287
"phrog_4096 ## JX080304_p199"	"contig_3 107805_108095"	231	1.00	6.566E-74	0	95	96	0	95	96
"phrog_379 ## KY554777_p175"	"contig_3 78736_79041"	94	0.479	1.331E-25	1	104	122	0	99	101
"phrog_13572 ## NC_019487_p152"	"contig_3 37934_41989"	77	0.379	2.349E-16	288	400	967	459	573	1351
"phrog_4178 ## KJ206562_p33"	"contig_2 3158_2841"	203	0.922	7.825E-64	1	104	105	1	104	105
"phrog_4178 ## KJ206562_p33"	"contig_3 89479_90000"	56	0.345	1.354E-12	3	96	105	5	92	173
"phrog_4178 ## KJ206562_p33"	"contig_3 90015_90242"	54	0.418	6.568E-12	0	68	105	0	68	75
"phrog_19980 ## p59508 VI_05469"	"contig_3 68622_70541"	42	0.204	8.508E-06	22	196	1009	20	191	639
"phrog_34048 ## KX532239_p29"	"contig_3 18749_20566"	127	1.00	1.567E-38	0	53	55	119	172	605
"phrog_3669 ## MH107769_p181"	"contig_3 101637_102005"	283	1.00	3.439E-91	0	121	122	0	121	122
"phrog_341 ## p82046 VI_05313"	"contig_3 89479_90000"	177	0.579	2.129E-53	3	154	167	5	160	173
"phrog_341 ## p82046 VI_05313"	"contig_3 90015_90242"	61	0.486	1.294E-13	0	56	167	0	64	75
"phrog_341 ## p82046 VI_05313"	"contig_2 3158_2841"	44	0.375	6.654E-08	2	57	167	2	66	105
"phrog_28902 ## NC_031250_p31"	"contig_3 89479_90000"	59	0.381	2.904E-11	285	371	709	66	151	173
"phrog_5547 ## MH078572_p191"	"contig_3 17805_18071"	152	0.849	2.446E-46	0	83	88	3	87	88
"phrog_15 ## p173497 VI_06341"	"contig_3 18749_20566"	66	0.196	2.253E-13	54	366	641	64	353	605
"phrog_32576 ## KX156152_p61"	"contig_3 15874_15656"	32	0.795	2.316E-05	5	22	48	33	50	72
"phrog_249 ## p7105 VI_06601"	"contig_2 10985_9867"	192	0.448	9.085E-55	143	378	411	90	299	372
"phrog_2677 ## JX080300_p111"	"contig_3 44508_45395"	529	0.862	4.108E-173	0	294	295	0	294	295
"phrog_15800 ## MF979563_p257"	"contig_3 109418_110887"	325	0.529	7.057E-102	0	324	332	242	483	489
"phrog_1205 ## NC_022090_p12"	"contig_3 29278_29574"	89	0.617	1.483E-24	0	70	77	1	71	98
"phrog_14018 ## p275250 VI_05171"	"contig_3 90015_90242"	54	0.515	9.774E-12	16	68	125	14	65	75
"phrog_14018 ## p275250 VI_05171"	"contig_3 89479_90000"	44	0.385	3.278E-08	8	68	125	5	66	173
"phrog_4355 ## KY779849_p33"	"APTC-SA-4 3100_2669"	171	0.934	5.089E-53	1	80	84	0	85	143
"phrog_1074 ## DQ004855_p38"	"contig_3 58368_58526"	59	0.512	3.778E-14	0	57	73	0	50	52
"phrog_99 ## KY385423_p40"	"contig_3 119873_119385"	55	0.410	1.037E-11	23	95	158	31	98	162
"phrog_99 ## KY385423_p40"	"contig_3 82414_83121"	43	0.375	1.374E-07	35	97	158	36	92	235
"phrog_99 ## KY385423_p40"	"contig_3 12373_11873"	40	0.348	2.090E-06	33	96	158	39	96	166
"phrog_5995 ## NC_029026_p140"	"contig_3 83355_84215"	284	0.625	3.033E-89	0	229	232	56	285	286
"phrog_26379 ## p152986 VI_08595"	"contig_3 51149_54208"	51	0.391	7.586E-10	50	121	220	46	117	1019
"phrog_840 ## p326427 VI_00792"	"contig_3 89479_90000"	48	0.349	2.775E-08	304	382	385	71	149	173
"phrog_27748 ## KY779849_p45"	"contig_2 3928_3728"	168	1.00	1.884E-52	0	65	66	0	65	66
"phrog_3789 ## NC_005880_p19"	"APTC-SA-4 486_659"	135	1.00	3.076E-41	0	56	57	0	56	57
"phrog_1133 ## KJ591605_p133"	"contig_3 26723_27679"	144	0.367	3.786E-40	0	216	297	4	235	318
"phrog_38466 ## NC_029121_p130"	"contig_3 25964_26704"	158	0.547	2.627E-47	0	149	156	91	239	246
"phrog_38466 ## NC_029121_p130"	"contig_3 27795_29186"	46	0.904	1.563E-08	61	83	156	23	45	463
"phrog_35153 ## NC_025426_p126"	"contig_3 118004_118312"	101	1.00	9.231E-30	0	40	41	61	101	102
"phrog_5741 ## AP018375_p194"	"contig_3 113290_113604"	255	1.00	7.803E-82	0	103	104	0	103	104
"phrog_885 ## p326432 VI_00792"	"contig_3 89479_90000"	44	0.331	3.422E-07	191	267	278	62	138	173
"phrog_833 ## p329669 VI_04520"	"contig_3 11602_10973"	92	0.370	2.005E-22	120	245	305	1	144	209
"phrog_833 ## p329669 VI_04520"	"contig_3 13336_12533"	59	0.429	5.983E-12	20	93	305	194	265	267
"phrog_3937 ## KJ206562_p90"	"contig_3 23369_23653"	193	0.963	4.272E-60	19	112	113	0	93	94
"phrog_5986 ## p52192 VI_08944"	"contig_3 54861_58319"	453	0.562	7.004E-145	0	396	398	728	1148	1152
"phrog_2204 ## JX080300_p112"	"contig_3 45395_47941"	1454	0.832	0.000E+00	0	847	848	0	847	848
"phrog_1054 ## NC_012530_p148"	"contig_3 78130_78726"	274	0.697	1.050E-85	56	250	253	0	190	198
"phrog_1891 ## NC_031036_p48"	"contig_3 119873_119385"	41	0.384	1.147E-06	95	152	195	43	99	162
"phrog_1867 ## MF288919_p181"	"contig_3 85112_86383"	128	0.320	6.990E-34	1	251	356	0	248	423
"phrog_2948 ## KJ206562_p34"	"contig_2 4692_4144"	335	0.880	3.586E-108	0	181	182	0	181	182
"phrog_27668 ## p124810 VI_03581"	"contig_2 4692_4144"	59	0.881	7.656E-12	304	334	335	32	62	182
"phrog_27456 ## p148711 VI_10485"	"contig_2 4692_4144"	41	0.875	4.723E-06	320	340	341	80	100	182
"phrog_9690 ## MF001355_p164"	"contig_3 62321_64069"	351	0.605	3.189E-111	1	297	306	290	575	582
"phrog_2356 ## NC_024360_p174"	"contig_3 94618_95064"	207	0.804	4.418E-64	1	124	160	18	140	148
"phrog_10582 ## MF001354_p123"	"contig_3 76223_77272"	47	0.324	2.066E-08	40	125	225	33	118	349
"phrog_2642 ## KP687431_p208"	"contig_3 3127_2549"	331	0.830	2.527E-106	0	191	192	0	191	192
"phrog_2164 ## KJ829260_p111"	"contig_2 6645_6256"	109	0.435	8.143E-30	12	148	171	0	126	129
"phrog_22992 ## AY954969_p152"	"APTC-SA-4 1276_1377"	90	1.00	5.962E-26	0	32	33	0	32	33
"phrog_2386 ## NC_020871_p95"	"contig_3 51149_54208"	1603	0.778	0.000E+00	1	995	1309	1	1010	1019
"phrog_1817 ## NC_029080_p59"	"contig_3 3746_3120"	354	0.822	4.416E-114	0	207	208	0	207	208
"phrog_22693 ## KX171213_p112"	"contig_3 45395_47941"	513	0.610	7.409E-157	0	430	940	0	423	848
"phrog_2988 ## NC_020877_p89"	"contig_3 102018_102365"	167	0.823	2.279E-51	0	96	97	0	96	115
"phrog_11117 ## p100773 VI_12396"	"contig_3 24046_25737"	295	0.703	4.423E-93	4	206	246	297	504	563
"phrog_26630 ## JX483873_p46"	"contig_3 24046_25737"	96	0.533	2.780E-23	324	409	413	327	419	563
"phrog_23008 ## MG720308_p149"	"contig_3 24046_25737"	80	0.581	1.229E-17	644	712	713	297	364	563
"phrog_489 ## NC_003288_p65"	"contig_3 13336_12533"	107	0.370	2.019E-26	0	166	470	22	190	267
"phrog_8714 ## p364573 VI_04547"	"APTC-SA-4 3100_2669"	36	0.986	2.192E-06	27	42	59	34	49	143
"phrog_215 ## p9433 VI_01414"	"contig_3 89479_90000"	66	0.429	4.423E-14	136	218	306	71	153	173
"phrog_984 ## p282458 VI_10890"	"contig_3 93873_94640"	220	0.680	4.064E-68	0	150	192	7	167	255
"phrog_15471 ## KT070867_p230"	"contig_3 119873_119385"	51	0.533	3.432E-10	27	74	176	59	105	162
"phrog_4008 ## NC_025426_p41"	"contig_3 79117_79989"	541	0.892	1.752E-175	0	289	376	0	289	290
"phrog_4008 ## NC_025426_p41"	"contig_3 80803_82146"	129	0.793	3.223E-34	296	373	376	0	77	447
"phrog_1089 ## NC_024787_p156"	"contig_3 87703_88056"	166	0.699	1.181E-50	6	122	125	2	116	117
"phrog_5181 ## p394343 VI_08938"	"contig_3 87703_88056"	112	0.499	2.629E-27	485	602	707	1	116	117
"phrog_4580 ## MH028956_p143"	"contig_3 105418_105534"	64	0.828	9.226E-17	6	41	42	0	32	38
"phrog_14913 ## KY000079_p44"	"contig_3 119873_119385"	40	0.585	7.443E-07	58	90	138	76	108	162
"phrog_2691 ## NC_025426_p19"	"contig_3 60853_62229"	878	0.916	8.728E-291	0	457	458	0	457	458
"phrog_2691 ## NC_025426_p19"	"contig_3 58527_60449"	38	0.256	6.768E-05	276	369	458	447	545	640
"phrog_59 ## MG812495_p46"	"contig_3 82414_83121"	113	0.461	1.749E-31	1	132	161	2	127	235
"phrog_59 ## MG812495_p46"	"contig_3 12373_11873"	97	0.497	6.866E-26	9	110	161	13	112	166
"phrog_59 ## MG812495_p46"	"contig_3 119873_119385"	82	0.324	7.434E-21	1	156	161	7	159	162
"phrog_59 ## MG812495_p46"	"contig_3 103383_103985"	32	0.230	8.525E-04	3	89	161	17	115	200
"phrog_1994 ## NC_031023_p45"	"contig_2 12310_12008"	85	0.477	1.134E-21	76	169	170	9	97	100
"phrog_3388 ## NC_022918_p13"	"contig_3 118877_119068"	145	1.00	2.091E-44	0	62	63	0	62	63
"phrog_9465 ## KY554777_p128"	"contig_3 76223_77272"	49	0.566	1.542E-10	36	77	81	169	210	349
"phrog_2573 ## NC_028962_p70"	"contig_3 83355_84215"	350	0.634	1.941E-111	0	279	280	6	285	286
"phrog_2811 ## KJ206562_p56"	"contig_3 2352_2089"	161	0.878	1.172E-49	0	86	87	0	86	87
"phrog_1486 ## MF288921_p261"	"contig_3 104405_104806"	127	0.513	7.682E-37	3	132	137	0	127	133
"phrog_1486 ## MF288921_p261"	"contig_3 105120_105407"	70	0.347	5.289E-17	13	131	137	0	91	95
"phrog_619 ## NC_024383_p145"	"contig_3 108492_109400"	246	0.478	7.624E-75	6	284	304	11	279	302
"phrog_1316 ## NC_022763_p89"	"contig_3 37342_37878"	171	0.507	2.764E-51	0	178	185	16	175	178
"phrog_36623 ## NC_031254_p48"	"contig_3 2011_2"	29	0.766	8.118E-04	24	40	78	548	564	670
"phrog_877 ## NC_020871_p97"	"contig_3 54861_58319"	1601	0.711	0.000E+00	1	1120	1151	0	1121	1152
"phrog_2966 ## KJ206562_p54"	"contig_2 12703_12542"	119	1.00	8.002E-36	0	52	53	0	52	53
"phrog_7647 ## MG925340_p89"	"contig_2 12703_12542"	47	0.770	5.843E-10	47	74	75	15	42	53
"phrog_3751 ## AP018375_p26"	"contig_2 9010_8735"	179	0.916	1.351E-55	0	91	92	0	90	91
"phrog_2601 ## NC_020877_p110"	"contig_3 118004_118312"	184	0.861	2.114E-57	0	101	104	0	101	102
"phrog_1481 ## NC_021856_p56"	"contig_3 17245_16919"	177	0.785	1.343E-54	5	113	120	1	107	108
"phrog_16641 ## p36441 VI_11179"	"contig_3 45395_47941"	42	0.403	7.470E-07	5	59	234	629	684	848
"phrog_3640 ## MH107769_p180"	"contig_3 101433_101624"	154	1.00	6.540E-48	0	59	60	3	62	63
"phrog_4983 ## JX080302_p209"	"contig_3 113072_113266"	151	1.00	1.789E-46	5	68	69	0	63	64
"phrog_30171 ## p409147 VI_01033"	"contig_3 113072_113266"	127	0.928	3.093E-33	325	388	399	0	63	64
"phrog_28631 ## p303596 VI_01024"	"contig_3 113072_113266"	37	0.868	1.283E-04	469	487	488	0	18	64
"phrog_24856 ## NC_015253_p132"	"contig_3 76223_77272"	177	0.484	5.203E-53	11	199	203	14	210	349
"phrog_38131 ## KX532239_p46"	"contig_3 29587_30495"	77	1.00	1.640E-21	0	32	34	268	300	302
"phrog_531 ## p6423 VI_10133"	"contig_3 6775_6350"	76	0.336	9.972E-19	0	135	158	7	137	141
"phrog_937 ## p288068 VI_01277"	"contig_3 16906_16574"	39	0.434	9.389E-07	26	71	102	28	70	110
"phrog_19487 ## NC_020839_p7"	"contig_3 37934_41989"	52	0.299	1.098E-08	919	1021	1231	1133	1240	1351
"phrog_7855 ## NC_031127_p237"	"contig_2 12310_12008"	45	0.408	1.443E-07	92	150	277	0	57	100
"phrog_1280 ## p31331 VI_02655"	"contig_3 89479_90000"	47	0.337	2.668E-08	164	244	248	69	147	173
"phrog_33273 ## p114020 VI_00944"	"contig_3 11602_10973"	86	0.532	1.454E-23	0	82	85	124	206	209
"phrog_4411 ## JN797798_p181"	"contig_3 51149_54208"	192	0.574	7.630E-56	2	171	340	3	174	1019
"phrog_4411 ## JN797798_p181"	"contig_3 54319_54840"	38	0.285	4.447E-05	204	268	340	20	101	173
"phrog_84 ## KX171213_p138"	"contig_3 74095_76209"	282	0.412	1.226E-83	32	383	560	123	514	704
"phrog_2863 ## EU418428_p167"	"contig_3 98797_99195"	258	0.924	3.356E-82	0	131	132	0	131	132
"phrog_200 ## p13345 VI_10141"	"contig_3 10552_9761"	150	0.373	2.303E-42	7	242	273	10	238	263
"phrog_3453 ## KP881332_p117"	"contig_3 107604_107804"	139	0.967	4.214E-42	6	72	74	0	65	66
"phrog_8436 ## p385261 VI_03362"	"contig_3 107604_107804"	60	0.670	5.706E-14	70	112	113	0	42	66
"phrog_6310 ## LN610572_p97"	"contig_3 35467_35607"	31	0.634	6.146E-05	17	38	42	24	45	46
"phrog_2543 ## NC_020838_p42"	"APTC-SA-4 2_427"	89	0.630	2.977E-24	20	87	106	0	69	141
"phrog_3464 ## MG721208_p197"	"contig_2 5836_5099"	552	1.00	6.150E-182	0	244	245	0	244	245
"phrog_2929 ## NC_024213_p99"	"contig_3 45395_47941"	176	0.345	6.711E-46	10	315	2010	3	313	848
"phrog_3844 ## KX507046_p55"	"contig_3 74095_76209"	350	0.423	4.731E-108	2	471	474	238	701	704
"phrog_4320 ## NC_022918_p107"	"contig_3 36121_36315"	136	1.00	3.048E-41	0	62	63	0	62	64
"phrog_2708 ## KJ206562_p51"	"contig_2 11874_11458"	269	0.922	6.472E-86	0	137	138	0	137	138
"phrog_21843 ## p12352 VI_11444"	"contig_3 105418_105534"	28	0.610	6.496E-04	2	22	50	1	21	38
"phrog_22953 ## MF001361_p131"	"contig_3 74095_76209"	265	0.675	1.508E-83	5	200	201	204	381	704
"phrog_86 ## KT995480_p118"	"contig_3 76223_77272"	222	0.390	1.919E-65	29	359	376	15	323	349
"phrog_8 ## p309030 VI_07697"	"contig_3 7840_7610"	35	0.425	1.734E-05	1	42	95	21	62	76
"phrog_32398 ## NC_029009_p202"	"contig_3 97571_98014"	43	0.281	3.766E-06	706	801	806	33	129	147
"phrog_3741 ## p14477 VI_09748"	"contig_3 36840_37298"	33	0.663	5.213E-04	27	49	227	110	132	152
"phrog_33985 ## KP881332_p165"	"contig_3 3127_2549"	82	0.640	1.698E-22	3	65	70	0	62	192
"phrog_3702 ## AP018375_p24"	"contig_2 8565_8032"	436	1.00	4.411E-143	0	176	177	0	176	177
"phrog_1028 ## MF001365_p35"	"contig_3 25964_26704"	419	0.823	1.494E-135	11	256	257	0	245	246
"phrog_1028 ## MF001365_p35"	"contig_3 27795_29186"	65	0.780	5.626E-14	159	197	257	19	57	463
"phrog_8790 ## KU130131_p141"	"contig_3 9694_9059"	107	0.524	8.813E-30	11	116	141	69	158	211
"phrog_1917 ## KJ206562_p86"	"contig_3 20559_21380"	351	0.664	7.648E-112	1	265	266	8	272	273
"phrog_635 ## p151018 VI_04917"	"contig_3 13336_12533"	299	0.606	1.835E-90	0	251	474	22	265	267
"phrog_635 ## p151018 VI_04917"	"contig_3 11602_10973"	269	0.647	3.209E-80	268	473	474	0	208	209
"phrog_635 ## p151018 VI_04917"	"contig_3 112226_112735"	40	0.251	1.763E-05	12	117	474	1	108	169
"phrog_2662 ## NC_023612_p3"	"contig_3 24046_25737"	66	0.234	2.493E-13	182	388	685	255	470	563
"phrog_4743 ## NC_024355_p101"	"contig_3 105864_106043"	103	0.827	6.551E-30	6	64	65	0	57	59
"phrog_3950 ## KJ206562_p36"	"contig_2 5109_4915"	169	1.00	9.031E-53	0	63	64	0	63	64
"phrog_3549 ## KX532239_p173"	"APTC-SA-4 659_928"	101	0.602	5.001E-29	0	69	74	0	83	89
"phrog_4249 ## NC_025417_p25"	"APTC-SA-4 3294_3103"	150	1.00	2.483E-46	0	62	63	0	62	63
"phrog_34732 ## MH078572_p182"	"contig_3 22109_23227"	73	0.358	4.489E-16	4	120	369	10	128	372
"phrog_11913 ## MF398190_p193"	"contig_3 104808_105068"	224	1.00	1.179E-71	0	85	86	0	85	86
"phrog_1499 ## MF663786_p106"	"contig_3 68622_70541"	37	0.355	8.474E-05	2	48	440	3	60	639
"phrog_8781 ## p117526 VI_00306"	"contig_3 13336_12533"	73	0.417	9.466E-18	21	115	160	43	138	267
"phrog_2673 ## JX080303_p155"	"contig_3 90338_90598"	182	0.988	7.998E-57	0	85	86	0	85	86
"phrog_826 ## KX831080_p127"	"contig_3 119873_119385"	33	0.306	3.263E-04	31	90	138	42	103	162
"phrog_14236 ## NC_022761_p88"	"contig_3 45395_47941"	37	0.178	8.170E-05	87	299	351	83	294	848
"phrog_1127 ## KU737346_p88"	"contig_3 31387_32007"	310	0.742	6.393E-99	0	204	206	2	203	206
"phrog_4472 ## NC_031015_p2"	"contig_2 11874_11458"	33	0.305	1.104E-04	48	111	116	68	130	138
"phrog_6 ## p248291 VI_09499"	"contig_3 50082_51128"	73	0.232	8.515E-16	20	260	472	8	251	348
"phrog_3987 ## KJ019113_p163"	"contig_3 74095_76209"	336	0.380	5.860E-101	72	568	618	2	523	704
"phrog_13515 ## NC_019449_p19"	"contig_3 45395_47941"	46	0.513	3.479E-07	570	614	877	799	842	848
"phrog_36555 ## KJ019113_p164"	"contig_3 74095_76209"	32	0.272	6.716E-04	54	126	145	636	700	704
"phrog_2081 ## NC_020848_p110"	"contig_3 9694_9059"	63	0.385	2.125E-14	19	105	158	64	155	211
"phrog_34942 ## p173048 VI_09626"	"contig_3 18749_20566"	28	0.356	3.844E-04	1	38	40	79	120	605
"phrog_1025 ## NC_011421_p154"	"contig_3 88043_88705"	213	0.608	2.011E-65	1	178	197	11	187	220
"phrog_3854 ## MF398190_p179"	"contig_3 100121_100654"	358	0.966	3.043E-116	1	175	176	2	176	177
"phrog_3224 ## NC_021328_p223"	"contig_3 111912_112223"	113	0.631	7.659E-33	0	81	89	0	88	103
"phrog_266 ## p289710 VI_00263"	"APTC-SA-4 3100_2669"	36	0.565	5.812E-06	27	56	82	34	63	143
"phrog_1095 ## NC_024137_p119"	"contig_3 72624_73076"	106	0.454	1.212E-29	1	121	126	3	128	150
"phrog_15361 ## NC_030933_p20"	"contig_3 24046_25737"	488	0.830	8.762E-159	2	285	293	2	285	563
"phrog_13726 ## NC_027335_p71"	"contig_3 51149_54208"	215	0.461	3.258E-59	2	254	803	2	256	1019
"phrog_1108 ## NC_030925_p107"	"contig_3 23731_24042"	137	0.801	8.097E-41	18	99	109	1	82	103
"phrog_2967 ## p123578 VI_00485"	"contig_3 7840_7610"	34	0.449	1.576E-04	9	46	167	10	47	76
"phrog_1116 ## NC_024364_p99"	"contig_3 21537_22016"	166	0.564	9.289E-49	4	154	212	5	155	159
"phrog_1151 ## NC_031056_p197"	"contig_3 32864_33079"	104	0.768	4.155E-30	10	74	75	3	67	71
"phrog_2892 ## KP881332_p99"	"contig_3 92614_92982"	175	0.774	7.283E-54	0	108	109	0	108	122
"phrog_9253 ## NC_025440_p17"	"contig_3 2011_2"	65	0.264	7.425E-13	604	772	822	484	650	670
"phrog_953 ## NC_020843_p22"	"contig_3 9694_9059"	51	0.327	1.052E-09	3	94	203	66	153	211
"phrog_1257 ## NC_024364_p114"	"contig_3 15874_15656"	115	0.814	8.536E-34	0	66	70	2	68	72
"phrog_3094 ## NC_030933_p17"	"contig_3 22109_23227"	346	0.738	2.814E-110	17	232	255	0	229	372
"phrog_11492 ## p90300 VI_02662"	"contig_3 22109_23227"	46	0.601	2.993E-10	16	52	54	15	51	372
"phrog_2261 ## MF288921_p197"	"contig_3 94618_95064"	77	0.450	7.658E-19	41	131	169	48	137	148
"phrog_3204 ## KY779849_p3"	"contig_3 115048_115233"	107	0.828	3.081E-31	0	60	61	0	60	61
"phrog_19077 ## KX607101_p3"	"contig_3 115048_115233"	87	0.817	1.136E-21	160	209	210	0	49	61
"phrog_4430 ## NC_025417_p202"	"contig_3 107411_107569"	113	1.00	1.666E-33	0	51	52	0	51	52
"phrog_3701 ## NC_025426_p82"	"contig_3 103999_104178"	141	1.00	4.043E-43	0	58	59	0	58	59
"phrog_239 ## NC_031029_p115"	"contig_3 65687_67129"	53	0.256	1.674E-09	289	426	543	176	319	480
"phrog_239 ## NC_031029_p115"	"contig_3 71152_72219"	36	0.255	1.939E-04	110	205	543	230	322	355
"phrog_2770 ## NC_025426_p183"	"contig_3 8070_7843"	140	0.883	1.248E-42	0	74	75	0	74	75
"phrog_3664 ## MF398190_p178"	"contig_3 99955_100131"	149	1.00	4.966E-46	0	57	58	0	57	58
"phrog_24418 ## KF021268_p32"	"contig_3 45395_47941"	599	0.665	1.781E-189	0	445	714	0	452	848
"phrog_24418 ## KF021268_p32"	"contig_3 99955_100131"	50	0.882	1.701E-08	688	713	714	16	41	58
"phrog_20349 ## KJ206562_p49"	"contig_2 10985_9867"	212	1.00	2.351E-67	0	85	88	0	85	372
"phrog_13463 ## p82052 VI_05313"	"contig_3 11602_10973"	36	0.487	1.770E-04	228	262	335	115	150	209
"phrog_2671 ## NC_025426_p18"	"contig_3 60472_60846"	228	0.876	4.435E-72	0	123	124	0	123	124
"phrog_17 ## NC_019926_p15"	"contig_3 80803_82146"	85	0.406	2.580E-19	168	284	621	173	289	447
"phrog_17 ## NC_019926_p15"	"contig_3 79117_79989"	59	0.374	4.181E-11	3	90	621	210	288	290
"phrog_3635 ## KY581279_p34"	"contig_2 8032_7490"	430	1.00	4.229E-141	0	179	180	0	179	180
"phrog_2255 ## MF358542_p140"	"contig_3 80155_80667"	36	0.462	2.323E-05	1	38	142	22	60	170
"phrog_2669 ## JN204348_p134"	"contig_3 49363_50067"	40	0.357	7.443E-07	14	76	138	121	181	234
"phrog_9462 ## KJ591605_p131"	"contig_3 29278_29574"	32	0.304	5.745E-04	10	61	136	9	69	98
"phrog_13120 ## NC_016562_p110"	"contig_2 11874_11458"	33	0.349	3.025E-04	67	113	134	68	118	138
"phrog_438 ## KJ019127_p75"	"contig_3 54319_54840"	38	0.707	4.471E-05	37	61	510	20	44	173
"phrog_512 ## NC_026923_p182"	"contig_3 37934_41989"	34	0.269	1.651E-04	65	146	195	1138	1208	1351
"phrog_1035 ## NC_026584_p52"	"contig_3 80155_80667"	39	0.319	6.596E-06	5	75	194	21	86	170
"phrog_2340 ## MH107769_p146"	"contig_3 80155_80667"	216	0.641	6.719E-67	1	169	170	1	169	170
"phrog_1274 ## p104578 VI_00510"	"contig_3 2542_2369"	106	0.902	8.689E-31	14	68	69	1	55	57
"phrog_284 ## NC_021330_p34"	"contig_3 91350_92600"	183	0.365	1.004E-51	59	356	409	98	386	416
"phrog_47 ## KX925554_p102"	"contig_3 71152_72219"	123	0.287	1.365E-32	23	267	327	4	290	355
"phrog_3863 ## KJ206562_p87"	"contig_3 21451_21540"	66	1.00	4.097E-17	28	56	57	0	28	29
"phrog_6132 ## MF001361_p129"	"contig_3 74095_76209"	274	0.619	3.951E-85	50	274	277	0	199	704
"phrog_7378 ## NC_024792_p167"	"contig_3 51149_54208"	528	0.641	1.707E-169	0	411	462	1	417	1019
"phrog_8043 ## p313501 VI_05400"	"contig_3 51149_54208"	33	0.470	5.459E-04	127	160	172	146	179	1019
"phrog_654 ## MH107769_p227"	"contig_3 114733_115032"	125	0.631	1.021E-36	0	96	108	0	98	99
"phrog_654 ## MH107769_p227"	"contig_3 115917_116210"	122	0.628	1.283E-35	0	95	108	0	96	97
"phrog_654 ## MH107769_p227"	"contig_3 115340_115630"	121	0.622	3.314E-35	0	96	108	0	95	96
"phrog_654 ## MH107769_p227"	"contig_3 115630_115917"	89	0.481	6.116E-24	0	96	108	0	94	95
"phrog_16296 ## EU418428_p24"	"APTC-SA-4 3100_2669"	209	1.00	1.760E-66	0	83	84	0	83	143
"phrog_17266 ## p199673 VI_00083"	"contig_3 54861_58319"	56	0.485	2.267E-12	4	59	119	0	58	1152
"phrog_7867 ## NC_031070_p206"	"contig_3 60472_60846"	28	0.666	5.876E-04	4	22	48	98	116	124
"phrog_9315 ## NC_027352_p8"	"contig_3 18749_20566"	236	1.00	3.102E-75	3	109	111	0	106	605
"phrog_2726 ## EU418428_p166"	"contig_3 98031_98735"	421	0.864	5.677E-137	0	233	234	0	233	234
"phrog_7534 ## KR908644_p62"	"APTC-SA-4 2249_1764"	401	1.00	1.699E-131	0	160	161	0	160	161
"phrog_4863 ## KY581279_p11"	"APTC-SA-4 1007_1192"	152	1.00	4.152E-47	0	58	59	2	60	61
"phrog_1291 ## NC_027366_p132"	"contig_3 72286_72624"	105	0.526	1.085E-29	1	101	102	3	105	112
